index	png	v5_png	match	site_id	alleles	site_coverage	site_counts	a1_rows	a1_reverse_fraction	a1_one_strand	v5_candidate_id	v5_af	v5_alt_reverse_fraction
0	000_SNP_41353391_0_SNP_G-A_v6.png	000_SNP_41353391_0_SNP_G-A.png	same position	41353391:0:SNV	A1:SNP:G>A:af=0.522	115	{"A1": 60, "REF": 54, "OTHER": 1}	60	0.467	False	41353391:0:SNP:G>A	0.5217	0.467
1	001_SNP_41375708_5_SNP_C-G_v6.png	001_SNP_41375708_5_SNP_C-G.png	same position	41375708:5:SNV	A1:SNP:C>G:af=0.541	98	{"A1": 53, "REF": 45}	53	0.528	False	41375708:5:SNP:C>G	0.5408	0.528
2	002_SNP_14421119_86_SNP_G-A_v6.png	002_SNP_14421119_86_SNP_G-A.png	same position	14421119:86:SNV	A1:SNP:G>A:af=0.481	106	{"A1": 51, "REF": 55}	51	0.451	False	14421119:86:SNP:G>A	0.4811	0.451
3	003_SNP_14394045_0_SNP_A-C_v6.png	003_SNP_14394045_0_SNP_A-C.png	same position	14394045:0:SNV	A1:SNP:A>C:af=0.464	110	{"A1": 51, "REF": 55, "OTHER": 4}	51	0.49	False	14394045:0:SNP:A>C	0.4636	0.49
4	004_SNP_17115778_0_SNP_A-G_v6.png	004_SNP_17115778_0_SNP_A-G.png	same position	17115778:0:SNV	A1:SNP:A>G:af=0.437	135	{"A1": 59, "REF": 74, "OTHER": 2}	59	0.542	False	17115778:0:SNP:A>G	0.437	0.542
5	005_SNP_17139257_0_SNP_G-C_v6.png	005_SNP_17139257_0_SNP_G-C.png	same position	17139257:0:SNV	A1:SNP:G>C:af=0.517	120	{"A1": 62, "REF": 58}	62	0.581	False	17139257:0:SNP:G>C	0.5167	0.581
6	006_SNP_22126297_50_SNP_G-A_v6.png	006_SNP_22126297_50_SNP_G-A.png	same position	22126297:50:SNV	A1:SNP:G>A:af=1.000	116	{"A1": 116}	116	0.517	False	22126297:50:SNP:G>A	1.0	0.517
7	007_SNP_22125405_0_SNP_T-A_v6.png	007_SNP_22125405_0_SNP_T-A.png	same position	22125405:0:SNV	A1:SNP:T>A:af=0.095	63	{"A1": 6, "REF": 57}	6	0.5	False	22125405:0:SNP:T>A	0.0952	0.5
8	008_SNP_47008583_0_SNP_T-C_v6.png	008_SNP_47008583_0_SNP_T-C.png	same position	47008583:0:SNV	A1:SNP:T>C:af=1.000	63	{"A1": 63}	63	0.524	False	47008583:0:SNP:T>C	1.0	0.524
9	009_SNP_46989078_947_SNP_C-T_v6.png	009_SNP_46989078_947_SNP_C-T.png	same position	46989078:947:SNV	A1:SNP:C>T:af=1.000	71	{"A1": 71}	71	0.465	False	46989078:947:SNP:C>T	1.0	0.465
10	010_SNP_58144527_1_SNP_G-A_v6.png	010_SNP_58144527_1_SNP_G-A.png	same position	58144527:1:SNV	A1:SNP:G>A:af=0.554	112	{"A1": 62, "REF": 50}	62	0.419	False	58144527:1:SNP:G>A	0.5536	0.419
11	011_SNP_58141718_612_SNP_G-A_v6.png	011_SNP_58141718_612_SNP_G-A.png	same position	58141718:612:SNV	A1:SNP:G>A:af=0.520	100	{"A1": 52, "REF": 48}	52	0.462	False	58141718:612:SNP:G>A	0.52	0.462
12	012_SNP_14323912_20_SNP_G-A_v6.png	012_SNP_14323912_20_SNP_G-A.png	same position	14323912:20:SNV	A1:SNP:G>A:af=0.633	98	{"A1": 62, "REF": 36}	62	0.468	False	14323912:20:SNP:G>A	0.6327	0.468
13	013_SNP_14334776_63_SNP_T-G_v6.png	013_SNP_14334776_63_SNP_T-G.png	same position	14334776:63:SNV	A1:SNP:T>G:af=0.508	120	{"A1": 61, "REF": 56, "OTHER": 3}	61	0.508	False	14334776:63:SNP:T>G	0.5083	0.508
14	014_SNP_25281899_8_SNP_A-G_v6.png	014_SNP_25281899_8_SNP_A-G.png	same position	25281899:8:SNV	A1:SNP:A>G:af=0.411	90	{"A1": 37, "REF": 52, "OTHER": 1}	37	0.324	False	25281899:8:SNP:A>G	0.4111	0.324
15	015_SNP_25272015_60_SNP_C-A_v6.png	015_SNP_25272015_60_SNP_C-A.png	same position	25272015:60:SNV	A1:SNP:C>A:af=0.504	115	{"A1": 58, "REF": 57}	58	0.431	False	25272015:60:SNP:C>A	0.5043	0.431
16	016_SNP_29495387_193_SNP_A-G_v6.png	016_SNP_29495387_193_SNP_A-G.png	same position	29495387:193:SNV	A1:SNP:A>G:af=0.199	176	{"A1": 35, "REF": 141}	35	0.6	False	29495387:193:SNP:A>G	0.1989	0.6
17	017_SNP_29463946_0_SNP_T-C_v6.png	017_SNP_29463946_0_SNP_T-C.png	same position	29463946:0:SNV	A1:SNP:T>C:af=0.951	61	{"A1": 58, "REF": 2, "OTHER": 1}	58	0.034	False	29463946:0:SNP:T>C	0.9508	0.034
18	018_SNP_11832446_0_SNP_T-C_v6.png	018_SNP_11832446_0_SNP_T-C.png	same position	11832446:0:SNV	A1:SNP:T>C:af=0.800	35	{"A1": 28, "OTHER": 7}	28	0.464	False	11832446:0:SNP:T>C	0.8	0.464
19	019_SNP_11802431_0_SNP_T-A_v6.png	019_SNP_11802431_0_SNP_T-A.png	same position	11802431:0:SNV	A1:SNP:T>A:af=1.000	5	{"A1": 5}	5	0.4	False	11802431:0:SNP:T>A	1.0	0.4
20	020_SNP_1540568_3_SNP_T-A_v6.png	020_SNP_1540568_3_SNP_T-A.png	same position	1540568:3:SNV	A1:SNP:T>A:af=0.942	52	{"A1": 49, "REF": 3}	49	0.469	False	1540568:3:SNP:T>A	0.9423	0.469
21	021_SNP_1518180_0_SNP_G-A_v6.png	021_SNP_1518180_0_SNP_G-A.png	same position	1518180:0:SNV	A1:SNP:G>A:af=0.870	54	{"A1": 47, "OTHER": 7}	47	0.404	False	1518180:0:SNP:G>A	0.8704	0.404
22	022_SNP_48116741_0_SNP_T-C_v6.png	022_SNP_48116741_0_SNP_T-C.png	same position	48116741:0:SNV	A1:SNP:T>C:af=1.000	12	{"A1": 12}	12	0.417	False	48116741:0:SNP:T>C	1.0	0.417
23	023_SNP_48125782_0_SNP_T-C_v6.png	023_SNP_48125782_0_SNP_T-C.png	same position	48125782:0:SNV	A1:SNP:T>C:af=0.222	36	{"A1": 8, "REF": 27, "OTHER": 1}	8	0.25	False	48125782:0:SNP:T>C	0.2222	0.25
24	024_SNP_38472582_0_SNP_C-T_v6.png	024_SNP_38472582_0_SNP_C-T.png	same position	38472582:0:SNV	A1:SNP:C>T:af=0.983	60	{"A1": 59, "OTHER": 1}	59	0.475	False	38472582:0:SNP:C>T	0.9833	0.475
25	025_SNP_38471669_0_SNP_T-C_v6.png	025_SNP_38471669_0_SNP_T-C.png	same position	38471669:0:SNV	A1:SNP:T>C:af=1.000	49	{"A1": 49}	49	0.429	False	38471669:0:SNP:T>C	1.0	0.429
26	026_SNP_1911002_12_SNP_T-A_v6.png	026_SNP_1911002_12_SNP_T-A.png	same position	1911002:12:SNV	A1:SNP:T>A:af=0.110	100	{"A1": 11, "REF": 88, "OTHER": 1}	11	0.455	False	1911002:12:SNP:T>A	0.11	0.455
27	027_SNP_1880772_0_SNP_T-A_v6.png	027_SNP_1880772_0_SNP_T-A.png	same position	1880772:0:SNV	A1:SNP:T>A:af=0.435	92	{"A1": 40, "REF": 49, "OTHER": 3}	40	0.4	False	1880772:0:SNP:T>A	0.4348	0.4
28	028_SNP_30956676_0_SNP_C-T_v6.png	028_SNP_30956676_0_SNP_C-T.png	same position	30956676:0:SNV	A1:SNP:C>T:af=0.708	192	{"A1": 136, "REF": 56}	136	0.559	False	30956676:0:SNP:C>T	0.7083	0.559
29	029_SNP_30993043_0_SNP_G-A_v6.png	029_SNP_30993043_0_SNP_G-A.png	same position	30993043:0:SNV	A1:SNP:G>A:af=0.312	202	{"A1": 63, "REF": 138, "OTHER": 1}	63	0.444	False	30993043:0:SNP:G>A	0.3119	0.444
30	030_SNP_51348837_0_SNP_G-A_v6.png	030_SNP_51348837_0_SNP_G-A.png	same position	51348837:0:SNV	A1:SNP:G>A:af=1.000	4	{"A1": 4}	4	0.5	False	51348837:0:SNP:G>A	1.0	0.5
31	031_SNP_51347842_0_SNP_T-A_v6.png	031_SNP_51347842_0_SNP_T-A.png	same position	51347842:0:SNV	A1:SNP:T>A:af=1.000	11	{"A1": 11}	11	0.273	False	51347842:0:SNP:T>A	1.0	0.273
32	032_SNP_59366798_0_SNP_G-A_v6.png	032_SNP_59366798_0_SNP_G-A.png	same position	59366798:0:SNV	A1:SNP:G>A:af=0.969	32	{"A1": 31, "OTHER": 1}	31	0.484	False	59366798:0:SNP:G>A	0.9688	0.484
33	033_SNP_59315385_17_SNP_C-G_v6.png	033_SNP_59315385_17_SNP_C-G.png	same position	59315385:17:SNV	A1:SNP:C>G:af=0.308	52	{"A1": 16, "REF": 36}	16	0.688	False	59315385:17:SNP:C>G	0.3077	0.688
34		034_DEL_41415778_0_DEL_T-.png	none										
35		035_DEL_41379543_3_DEL_A-.png	none										
36	036_DEL_14400324_1_DEL_AT-_v6.png	036_DEL_14400324_1_DEL_AT-.png	left-normalized	14400324:0:INDEL	A1:DEL:TA>-:af=0.103	97	{"A1": 10, "REF": 85, "OTHER": 2}	10	0.6	False	14400324:1:DEL:AT>	0.0928	0.636
37	037_DEL_17112547_40_DEL_A-_v6.png	037_DEL_17112547_40_DEL_A-.png	left-normalized	17112547:33:INDEL	A1:DEL:A>-:af=0.121	116	{"A1": 14, "REF": 98, "OTHER": 4}	14	0.643	False	17112547:40:DEL:A>	0.1121	0.6
38	038_DEL_17108076_0_DEL_C-_v6.png	038_DEL_17108076_0_DEL_C-.png	same position	17108076:0:INDEL	A1:DEL:C>-:af=0.418	98	{"A1": 41, "REF": 57}	41	0.463	False	17108076:0:DEL:C>	0.1633	0.562
39	039_DEL_22092506_0_DEL_A-_v6.png	039_DEL_22092506_0_DEL_A-.png	same position	22092506:0:INDEL	A1:DEL:A>-:af=0.184	76	{"A1": 14, "REF": 61, "OTHER": 1}	14	0.786	False	22092506:0:DEL:A>	0.1184	0.778
40		040_DEL_46992009_0_DEL_T-.png	none										
41		041_DEL_58125131_2_DEL_T-.png	none										
42	042_DEL_58144166_0_DEL_GTATATATAATGTCTTAT-_v6.png	042_DEL_58144166_0_DEL_GTATATATAATGTCTTAT-.png	same position	58144166:0:INDEL	A1:DEL:GTATATATAATGTCTTAT>-:af=0.226	93	{"A1": 21, "REF": 70, "OTHER": 2}	21	0.381	False	58144166:0:DEL:GTATATATAATGTCTTAT>	0.2258	0.381
43		043_DEL_25245418_0_DEL_A-.png	none										
44	044_DEL_25260904_16_DEL_T-_v6.png	044_DEL_25260904_16_DEL_T-.png	same position	25260904:16:INDEL	A1:DEL:T>-:af=0.124	170	{"A1": 21, "REF": 148, "OTHER": 1}	21	0.571	False	25260904:16:DEL:T>	0.1	0.529
45	045_DEL_29465976_0_DEL_GG-_v6.png	045_DEL_29465976_0_DEL_GG-.png	same position	29465976:0:INDEL	A1:DEL:GG>-:af=0.205	112	{"A1": 23, "REF": 88, "OTHER": 1}	23	0.174	False	29465976:0:DEL:GG>	0.2054	0.174
46	046_DEL_29429738_0_DEL_TGAAGGAG-_v6.png	046_DEL_29429738_0_DEL_TGAAGGAG-.png	same position	29429738:0:INDEL	A1:DEL:TGAAGGAG>-:af=0.101	69	{"A1": 7, "REF": 62}	7	0.714	False	29429738:0:DEL:TGAAGGAG>	0.1014	0.714
47	047_DEL_11821707_0_DEL_T-_v6.png	047_DEL_11821707_0_DEL_T-.png	same position	11821707:0:INDEL	A1:DEL:T>-:af=0.222	63	{"A1": 14, "REF": 47, "OTHER": 2}	14	0.643	False	11821707:0:DEL:T>	0.2063	0.533
48	048_DEL_11826085_706_DEL_T-_v6.png	048_DEL_11826085_706_DEL_T-.png	left-normalized	11826085:700:INDEL	A1:DEL:T>-:af=0.105	57	{"A1": 6, "REF": 50, "OTHER": 1}	6	0.333	False	11826085:706:DEL:T>	0.0877	0.2
49	049_DEL_1516046_0_DEL_A-_v6.png	049_DEL_1516046_0_DEL_A-.png	same position	1516046:0:INDEL	A1:DEL:A>-:af=0.213	61	{"A1": 13, "REF": 47, "OTHER": 1}	13	0.615	False	1516046:0:DEL:A>	0.082	0.8
50	050_DEL_1514787_17_DEL_G-_v6.png	050_DEL_1514787_17_DEL_G-.png	same position	1514787:17:INDEL	A1:DEL:G>-:af=0.109	55	{"A1": 6, "REF": 47, "OTHER": 2}	6	0.5	False	1514787:17:DEL:G>	0.1091	0.625
51		051_DEL_48120197_3_DEL_A-.png	none										
52		052_DEL_48070525_2_DEL_C-.png	none										
53	053_DEL_38470739_11_DEL_T-_v6.png	053_DEL_38470739_11_DEL_T-.png	left-normalized	38470739:0:INDEL	A1:INS:->T:af=0.095 A2:DEL:T>-:af=0.095	42	{"A1": 4, "A2": 4, "REF": 28, "OTHER": 6}	4	0.75	False	38470739:11:DEL:T>	0.119	0.167
54	054_DEL_38436404_84_DEL_A-_v6.png	054_DEL_38436404_84_DEL_A-.png	left-normalized	38436404:77:INDEL	A1:DEL:A>-:af=0.111	63	{"A1": 7, "REF": 56}	7	0.429	False	38436404:84:DEL:A>	0.0952	0.333
55		055_DEL_30999292_13_DEL_T-.png	none										
56	056_DEL_30999910_0_DEL_TTCT-_v6.png	056_DEL_30999910_0_DEL_TTCT-.png	same position	30999910:0:INDEL	A1:DEL:TTCT>-:af=0.351	171	{"A1": 60, "REF": 106, "OTHER": 5}	60	0.45	False	30999910:0:DEL:TTCT>	0.3509	0.443
57	057_DEL_51343675_133_DEL_A-_v6.png	057_DEL_51343675_133_DEL_A-.png	same position	51343675:133:INDEL	A1:DEL:A>-:af=0.143	126	{"A1": 18, "REF": 105, "OTHER": 3}	18	0.556	False	51343675:133:DEL:A>	0.1111	0.5
58	058_DEL_51354614_0_DEL_TCTT-_v6.png	058_DEL_51354614_0_DEL_TCTT-.png	same position	51354614:0:INDEL	A1:DEL:TCTT>-:af=0.212 A2:INS:->TCTT:af=0.153	118	{"A1": 25, "A2": 18, "REF": 61, "OTHER": 14}	25	0.44	False	51354614:0:DEL:TCTT>	0.2119	0.44
59	059_DEL_59327351_6_DEL_TT-_v6.png	059_DEL_59327351_6_DEL_TT-.png	left-normalized	59327351:0:INDEL	A1:DEL:TT>-:af=0.118	68	{"A1": 8, "REF": 54, "OTHER": 6}	8	0.5	False	59327351:6:DEL:TT>	0.1029	0.286
60	060_DEL_59343200_0_DEL_T-_v6.png	060_DEL_59343200_0_DEL_T-.png	same position	59343200:0:INDEL	A1:DEL:T>-:af=0.398	88	{"A1": 35, "REF": 50, "OTHER": 3}	35	0.486	False	59343200:0:DEL:T>	0.1591	0.6
61		061_DEL_12139145_17_DEL_T-.png	none										
62	062_DEL_12157760_0_DEL_TG-_v6.png	062_DEL_12157760_0_DEL_TG-.png	same position	12157760:0:INDEL	A1:DEL:TG>-:af=0.590	39	{"A1": 23, "REF": 16}	23	0.609	False	12157760:0:DEL:TG>	0.5897	0.609
63		063_DEL_30827924_16_DEL_T-.png	none										
64	064_DEL_30839688_11_DEL_A-_v6.png	064_DEL_30839688_11_DEL_A-.png	left-normalized	30839688:0:INDEL	A1:DEL:A>-:af=0.107	103	{"A1": 11, "REF": 89, "OTHER": 3}	11	0.545	False	30839688:11:DEL:A>	0.0962	0.4
65	065_DEL_34854564_143_DEL_T-_v6.png	065_DEL_34854564_143_DEL_T-.png	left-normalized	34854564:133:INDEL	A1:DEL:T>-:af=0.204 A2:INS:->T:af=0.093	54	{"A1": 11, "A2": 5, "REF": 36, "OTHER": 2}	11	0.545	False	34854564:143:DEL:T>	0.2222	0.417
66		066_DEL_34855594_1_DEL_G-.png	none										
67	067_INS_14417034_0_INS_-TATT_v6.png	067_INS_14417034_0_INS_-TATT.png	nearest site	14417034:0:INDEL	A1:DEL:TATT>-:af=0.208	106	{"A1": 22, "REF": 84}	22	0.636	False	14417034:0:INS:>TATT	0.2547	1.0
68		068_INS_22117602_24_INS_-TG.png	none										
69	069_INS_47004983_381_INS_-A_v6.png	069_INS_47004983_381_INS_-A.png	left-normalized	47004983:374:INDEL	A1:INS:->A:af=0.841	63	{"A1": 53, "REF": 6, "OTHER": 4}	53	0.604	False	47004983:381:INS:>A	0.127	0.0
70		070_INS_14352172_1_INS_-A.png	none										
71	071_INS_14327434_16_INS_-T_v6.png	071_INS_14327434_16_INS_-T.png	same position	14327434:16:INDEL	A1:INS:->T:af=0.326 A2:DEL:T>-:af=0.083	132	{"A1": 43, "A2": 11, "REF": 64, "OTHER": 14}	43	0.395	False	14327434:16:INS:>T	0.0909	0.583
72	072_INS_1892761_0_INS_-T_v6.png	072_INS_1892761_0_INS_-T.png	same position	1892761:0:INDEL	A1:INS:->T:af=0.204 A2:INS:->TT:af=0.082 A3:INS:->TTT:af=0.082	49	{"A1": 10, "A2": 4, "A3": 4, "REF": 30, "OTHER": 1}	10	0.6	False	1892761:0:INS:>T	0.1224	1.0
73	073_INS_1896745_4_INS_-AC_v6.png	073_INS_1896745_4_INS_-AC.png	left-normalized	1896745:0:INDEL	A1:INS:->AC:af=0.265	102	{"A1": 27, "REF": 71, "OTHER": 4}	27	0.667	False	1896745:4:INS:>AC	0.2647	0.643
74		074_INS_56344712_1_INS_-ATATATATA.png	none										
75		075_INS_13178195_15_INS_-A.png	none										
76	076_INS_1783102_78_INS_-T_v6.png	076_INS_1783102_78_INS_-T.png	left-normalized	1783102:64:INDEL	A1:DEL:T>-:af=0.194 A2:INS:->T:af=0.117	103	{"A1": 20, "A2": 12, "REF": 69, "OTHER": 2}	20	0.65	False	1783102:78:INS:>T	0.0874	0.3
77	077_INS_1792489_0_INS_-A_v6.png	077_INS_1792489_0_INS_-A.png	same position	1792489:0:INDEL	A1:INS:->A:af=0.118	51	{"A1": 6, "REF": 44, "OTHER": 1}	6	1.0	True	1792489:0:INS:>A	0.098	1.0
78	078_INS_33444745_982_INS_-G_v6.png	078_INS_33444745_982_INS_-G.png	same position	33444745:982:INDEL	A1:INS:->G:af=0.115	130	{"A1": 15, "REF": 114, "OTHER": 1}	15	0.467	False	33444745:982:INS:>G	0.1154	0.467
79		079_INS_37544579_12_INS_-T.png	none										
80	080_INS_22794490_279_INS_-A_v6.png	080_INS_22794490_279_INS_-A.png	same position	22794490:279:INDEL	A1:INS:->A:af=0.088	57	{"A1": 5, "REF": 47, "OTHER": 5}	5	0.8	False	22794490:279:INS:>A	0.0877	0.8
81	081_INS_53306288_168_INS_-T_v6.png	081_INS_53306288_168_INS_-T.png	same position	53306288:168:INDEL	A1:INS:->T:af=0.133	60	{"A1": 8, "REF": 49, "OTHER": 3}	8	0.625	False	53306288:168:INS:>T	0.1	0.571
82		082_INS_24960218_2_INS_-T.png	none										
83		083_INS_43960069_2_INS_-T.png	none										
84	084_INS_15181007_0_INS_-A_v6.png	084_INS_15181007_0_INS_-A.png	same position	15181007:0:INDEL	A1:INS:->A:af=0.319 A2:DEL:A>-:af=0.086	116	{"A1": 37, "A2": 10, "REF": 61, "OTHER": 8}	37	0.676	False	15181007:0:INS:>A	0.2155	1.0
85	085_INS_6356539_0_INS_-GTA_v6.png	085_INS_6356539_0_INS_-GTA.png	same position	6356539:0:INDEL	A1:INS:->GTA:af=0.167	18	{"A1": 3, "REF": 15}	3	1.0	True	6356539:0:INS:>GTA	0.1667	1.0
86		086_INS_17800473_8_INS_-T.png	none										
87	087_INS_17782476_0_INS_-ACACACACACAC_v6.png	087_INS_17782476_0_INS_-ACACACACACAC.png	same position	17782476:0:INDEL	A1:INS:->ACACACACACAC:af=0.184	76	{"A1": 14, "REF": 56, "OTHER": 6}	14	0.571	False	17782476:0:INS:>ACACACACACAC	0.1053	1.0
88	088_INS_30353723_0_INS_-T_v6.png	088_INS_30353723_0_INS_-T.png	same position	30353723:0:INDEL	A1:INS:->T:af=0.190	42	{"A1": 8, "REF": 31, "OTHER": 3}	8	0.75	False	30353723:0:INS:>T	0.1429	1.0
89		089_INS_58745398_2_INS_-A.png	none										
90	090_INS_44580510_0_INS_-T_v6.png	090_INS_44580510_0_INS_-T.png	same position	44580510:0:INDEL	A1:INS:->T:af=0.108	37	{"A1": 4, "REF": 28, "OTHER": 5}	4	1.0	True	44580510:0:INS:>T	0.1081	1.0
91	091_INS_52000639_32_INS_-T_v6.png	091_INS_52000639_32_INS_-T.png	same position	52000639:32:INDEL	A1:INS:->T:af=0.102	49	{"A1": 5, "REF": 44}	5	0.6	False	52000639:32:INS:>T	0.102	0.6
92	092_INS_44983262_12_INS_-T_v6.png	092_INS_44983262_12_INS_-T.png	left-normalized	44983262:0:INDEL	A1:INS:->T:af=0.104	67	{"A1": 7, "REF": 54, "OTHER": 6}	7	0.857	False	44983262:12:INS:>T	0.0896	0.875
93	093_INS_39193127_0_INS_-A_v6.png	093_INS_39193127_0_INS_-A.png	same position	39193127:0:INDEL	A1:INS:->A:af=0.510 A2:INS:->AA:af=0.157	51	{"A1": 26, "A2": 8, "REF": 14, "OTHER": 3}	26	0.577	False	39193127:0:INS:>A	0.1569	1.0
94	094_INS_50884221_105_INS_-T_v6.png	094_INS_50884221_105_INS_-T.png	same position	50884221:105:INDEL	A1:INS:->T:af=0.322	115	{"A1": 37, "REF": 67, "OTHER": 11}	37	0.568	False	50884221:105:INS:>T	0.2435	0.515
95	095_INS_58241831_15_INS_-CA_v6.png	095_INS_58241831_15_INS_-CA.png	left-normalized	58241831:0:INDEL	A1:INS:->AC:af=0.480	100	{"A1": 48, "REF": 52}	48	0.521	False	58241831:15:INS:>CA	0.28	0.571
96		096_INS_36856591_1_INS_-TTTG.png	none										
97		097_INS_14493439_0_INS_-A.png	none										
98	098_INS_44495783_85_INS_-A_v6.png	098_INS_44495783_85_INS_-A.png	same position	44495783:85:INDEL	A1:INS:->A:af=0.194 A2:DEL:A>-:af=0.129	62	{"A1": 12, "A2": 8, "REF": 39, "OTHER": 3}	12	0.5	False	44495783:85:INS:>A	0.1774	0.5
99		099_INS_26368886_1_INS_-A.png	none										
